Variable,R model name,Role,Source,Definition,Construction,Original unit,Modeling notes
symbol,symbol,Identifier,Frozen S&P 500 analysis-universe file,Normalized ticker symbol used to join all data stages.,Periods in vendor tickers are normalized to hyphens; duplicates removed.,Text,Unit of observation is a ticker-level observation.
Basic Materials,Basic.Materials,Exposure,FMP stable /profile field: sector,"Producer or processor of chemicals, industrial gases, construction materials, metals, mining products, paper, or related raw materials.",1 if FMP sector equals Basic Materials; 0 otherwise.,Binary indicator,Included as a sector indicator in X.
Communication Services,Communication.Services,Exposure,FMP stable /profile field: sector,"Provider of telecommunications, network services, media, entertainment, interactive media, or digital communication platforms.",1 if FMP sector equals Communication Services; 0 otherwise.,Binary indicator,Included as a sector indicator in X.
Consumer Cyclical,Consumer.Cyclical,Exposure,FMP stable /profile field: sector,Provider of discretionary goods or services whose demand tends to vary with household income and the economic cycle.,1 if FMP sector equals Consumer Cyclical; 0 otherwise.,Binary indicator,Included as a sector indicator in X.
Consumer Defensive,Consumer.Defensive,Exposure,FMP stable /profile field: sector,"Producer or retailer of frequently purchased necessities such as food, beverages, household products, personal products, or staples.",1 if FMP sector equals Consumer Defensive; 0 otherwise.,Binary indicator,Included as a sector indicator in X.
Energy,Energy,Exposure,FMP stable /profile field: sector,"Company involved in oil, gas, consumable fuels, or related equipment, transportation, storage, and services.",1 if FMP sector equals Energy; 0 otherwise.,Binary indicator,Included as a sector indicator in X.
Financial Services,Financial.Services,Exposure,FMP stable /profile field: sector,"Bank, insurer, capital-markets firm, consumer-finance provider, payment network, asset manager, or diversified financial company.",1 if FMP sector equals Financial Services; 0 otherwise.,Binary indicator,Included as a sector indicator in X.
Healthcare,Healthcare,Exposure,FMP stable /profile field: sector,"Drug, biotechnology, healthcare-provider, medical-technology, life-sciences, or healthcare-service company.",1 if FMP sector equals Healthcare; 0 otherwise.,Binary indicator,Included as a sector indicator in X.
Industrials,Industrials,Exposure,FMP stable /profile field: sector,"Capital-goods, aerospace, defense, machinery, transportation, construction, professional-service, or commercial-support company.",1 if FMP sector equals Industrials; 0 otherwise.,Binary indicator,Included as a sector indicator in X.
Real Estate,Real.Estate,Exposure,FMP stable /profile field: sector,"Equity REIT or company that owns, operates, develops, manages, or services income-producing property.",1 if FMP sector equals Real Estate; 0 otherwise.,Binary indicator,Included as a sector indicator in X.
Technology,Technology,Exposure,FMP stable /profile field: sector,"Software, semiconductor, computing-hardware, electronic-equipment, or information-technology service company.",1 if FMP sector equals Technology; 0 otherwise.,Binary indicator,Included as a sector indicator in X.
Utilities,Utilities,Exposure,FMP stable /profile field: sector,"Electricity, gas, water, multi-utility, or independent-power provider; omitted reference category in the model.",1 if FMP sector equals Utilities; 0 otherwise.,Binary indicator,Reference category omitted from X; other sector coefficients are relative to Utilities.
IS:revenue,IS.revenue,Candidate mediator,FMP stable /income-statement quarterly field: revenue,Revenue from ordinary business activities before expenses.,Value at the selected anchor quarter.,Reported currency amount,Standardized before modeling; missing standardized entries are set to zero.
IS:revenue_YoY,IS.revenue_YoY,Candidate mediator,FMP stable /income-statement quarterly field: revenue,Revenue from ordinary business activities before expenses.,(anchor value - value four quarters earlier) / absolute value four quarters earlier.,Dimensionless rate,Standardized before modeling; missing standardized entries are set to zero.
IS:revenue_QoQ,IS.revenue_QoQ,Candidate mediator,FMP stable /income-statement quarterly field: revenue,Revenue from ordinary business activities before expenses.,(anchor value - preceding-quarter value) / absolute preceding-quarter value.,Dimensionless rate,Standardized before modeling; missing standardized entries are set to zero.
IS:revenue_CAGR3,IS.revenue_CAGR3,Candidate mediator,FMP stable /income-statement quarterly field: revenue,Revenue from ordinary business activities before expenses.,(anchor value / value 12 quarters earlier)^(1/3) - 1; missing unless both endpoints are positive.,Dimensionless rate,Standardized before modeling; missing standardized entries are set to zero.
IS:revenue_Avg5,IS.revenue_Avg5,Candidate mediator,FMP stable /income-statement quarterly field: revenue,Revenue from ordinary business activities before expenses.,Mean of the anchor and up to 19 preceding quarterly values.,Reported currency amount,Standardized before modeling; missing standardized entries are set to zero.
IS:costOfRevenue,IS.costOfRevenue,Candidate mediator,FMP stable /income-statement quarterly field: costOfRevenue,Direct cost attributable to the goods or services sold.,Value at the selected anchor quarter.,Reported currency amount,Standardized before modeling; missing standardized entries are set to zero.
IS:costOfRevenue_YoY,IS.costOfRevenue_YoY,Candidate mediator,FMP stable /income-statement quarterly field: costOfRevenue,Direct cost attributable to the goods or services sold.,(anchor value - value four quarters earlier) / absolute value four quarters earlier.,Dimensionless rate,Standardized before modeling; missing standardized entries are set to zero.
IS:costOfRevenue_QoQ,IS.costOfRevenue_QoQ,Candidate mediator,FMP stable /income-statement quarterly field: costOfRevenue,Direct cost attributable to the goods or services sold.,(anchor value - preceding-quarter value) / absolute preceding-quarter value.,Dimensionless rate,Standardized before modeling; missing standardized entries are set to zero.
IS:costOfRevenue_CAGR3,IS.costOfRevenue_CAGR3,Candidate mediator,FMP stable /income-statement quarterly field: costOfRevenue,Direct cost attributable to the goods or services sold.,(anchor value / value 12 quarters earlier)^(1/3) - 1; missing unless both endpoints are positive.,Dimensionless rate,Standardized before modeling; missing standardized entries are set to zero.
IS:costOfRevenue_Avg5,IS.costOfRevenue_Avg5,Candidate mediator,FMP stable /income-statement quarterly field: costOfRevenue,Direct cost attributable to the goods or services sold.,Mean of the anchor and up to 19 preceding quarterly values.,Reported currency amount,Standardized before modeling; missing standardized entries are set to zero.
IS:grossProfit,IS.grossProfit,Candidate mediator,FMP stable /income-statement quarterly field: grossProfit,Revenue minus cost of revenue.,Value at the selected anchor quarter.,Reported currency amount,Standardized before modeling; missing standardized entries are set to zero.
IS:grossProfit_YoY,IS.grossProfit_YoY,Candidate mediator,FMP stable /income-statement quarterly field: grossProfit,Revenue minus cost of revenue.,(anchor value - value four quarters earlier) / absolute value four quarters earlier.,Dimensionless rate,Standardized before modeling; missing standardized entries are set to zero.
IS:grossProfit_QoQ,IS.grossProfit_QoQ,Candidate mediator,FMP stable /income-statement quarterly field: grossProfit,Revenue minus cost of revenue.,(anchor value - preceding-quarter value) / absolute preceding-quarter value.,Dimensionless rate,Standardized before modeling; missing standardized entries are set to zero.
IS:grossProfit_CAGR3,IS.grossProfit_CAGR3,Candidate mediator,FMP stable /income-statement quarterly field: grossProfit,Revenue minus cost of revenue.,(anchor value / value 12 quarters earlier)^(1/3) - 1; missing unless both endpoints are positive.,Dimensionless rate,Standardized before modeling; missing standardized entries are set to zero.
IS:grossProfit_Avg5,IS.grossProfit_Avg5,Candidate mediator,FMP stable /income-statement quarterly field: grossProfit,Revenue minus cost of revenue.,Mean of the anchor and up to 19 preceding quarterly values.,Reported currency amount,Standardized before modeling; missing standardized entries are set to zero.
IS:researchAndDevelopmentExpenses,IS.researchAndDevelopmentExpenses,Candidate mediator,FMP stable /income-statement quarterly field: researchAndDevelopmentExpenses,Expense associated with research and development activities.,Value at the selected anchor quarter.,Reported currency amount,Standardized before modeling; missing standardized entries are set to zero.
IS:researchAndDevelopmentExpenses_YoY,IS.researchAndDevelopmentExpenses_YoY,Candidate mediator,FMP stable /income-statement quarterly field: researchAndDevelopmentExpenses,Expense associated with research and development activities.,(anchor value - value four quarters earlier) / absolute value four quarters earlier.,Dimensionless rate,Standardized before modeling; missing standardized entries are set to zero.
IS:researchAndDevelopmentExpenses_QoQ,IS.researchAndDevelopmentExpenses_QoQ,Candidate mediator,FMP stable /income-statement quarterly field: researchAndDevelopmentExpenses,Expense associated with research and development activities.,(anchor value - preceding-quarter value) / absolute preceding-quarter value.,Dimensionless rate,Standardized before modeling; missing standardized entries are set to zero.
IS:researchAndDevelopmentExpenses_CAGR3,IS.researchAndDevelopmentExpenses_CAGR3,Candidate mediator,FMP stable /income-statement quarterly field: researchAndDevelopmentExpenses,Expense associated with research and development activities.,(anchor value / value 12 quarters earlier)^(1/3) - 1; missing unless both endpoints are positive.,Dimensionless rate,Standardized before modeling; missing standardized entries are set to zero.
IS:researchAndDevelopmentExpenses_Avg5,IS.researchAndDevelopmentExpenses_Avg5,Candidate mediator,FMP stable /income-statement quarterly field: researchAndDevelopmentExpenses,Expense associated with research and development activities.,Mean of the anchor and up to 19 preceding quarterly values.,Reported currency amount,Standardized before modeling; missing standardized entries are set to zero.
IS:generalAndAdministrativeExpenses,IS.generalAndAdministrativeExpenses,Candidate mediator,FMP stable /income-statement quarterly field: generalAndAdministrativeExpenses,General corporate and administrative operating expense.,Value at the selected anchor quarter.,Reported currency amount,Standardized before modeling; missing standardized entries are set to zero.
IS:generalAndAdministrativeExpenses_YoY,IS.generalAndAdministrativeExpenses_YoY,Candidate mediator,FMP stable /income-statement quarterly field: generalAndAdministrativeExpenses,General corporate and administrative operating expense.,(anchor value - value four quarters earlier) / absolute value four quarters earlier.,Dimensionless rate,Standardized before modeling; missing standardized entries are set to zero.
IS:generalAndAdministrativeExpenses_QoQ,IS.generalAndAdministrativeExpenses_QoQ,Candidate mediator,FMP stable /income-statement quarterly field: generalAndAdministrativeExpenses,General corporate and administrative operating expense.,(anchor value - preceding-quarter value) / absolute preceding-quarter value.,Dimensionless rate,Standardized before modeling; missing standardized entries are set to zero.
IS:generalAndAdministrativeExpenses_CAGR3,IS.generalAndAdministrativeExpenses_CAGR3,Candidate mediator,FMP stable /income-statement quarterly field: generalAndAdministrativeExpenses,General corporate and administrative operating expense.,(anchor value / value 12 quarters earlier)^(1/3) - 1; missing unless both endpoints are positive.,Dimensionless rate,Standardized before modeling; missing standardized entries are set to zero.
IS:generalAndAdministrativeExpenses_Avg5,IS.generalAndAdministrativeExpenses_Avg5,Candidate mediator,FMP stable /income-statement quarterly field: generalAndAdministrativeExpenses,General corporate and administrative operating expense.,Mean of the anchor and up to 19 preceding quarterly values.,Reported currency amount,Standardized before modeling; missing standardized entries are set to zero.
IS:sellingAndMarketingExpenses,IS.sellingAndMarketingExpenses,Candidate mediator,FMP stable /income-statement quarterly field: sellingAndMarketingExpenses,"Expense associated with selling, advertising, and marketing activities.",Value at the selected anchor quarter.,Reported currency amount,Standardized before modeling; missing standardized entries are set to zero.
IS:sellingAndMarketingExpenses_YoY,IS.sellingAndMarketingExpenses_YoY,Candidate mediator,FMP stable /income-statement quarterly field: sellingAndMarketingExpenses,"Expense associated with selling, advertising, and marketing activities.",(anchor value - value four quarters earlier) / absolute value four quarters earlier.,Dimensionless rate,Standardized before modeling; missing standardized entries are set to zero.
IS:sellingAndMarketingExpenses_QoQ,IS.sellingAndMarketingExpenses_QoQ,Candidate mediator,FMP stable /income-statement quarterly field: sellingAndMarketingExpenses,"Expense associated with selling, advertising, and marketing activities.",(anchor value - preceding-quarter value) / absolute preceding-quarter value.,Dimensionless rate,Standardized before modeling; missing standardized entries are set to zero.
IS:sellingAndMarketingExpenses_CAGR3,IS.sellingAndMarketingExpenses_CAGR3,Candidate mediator,FMP stable /income-statement quarterly field: sellingAndMarketingExpenses,"Expense associated with selling, advertising, and marketing activities.",(anchor value / value 12 quarters earlier)^(1/3) - 1; missing unless both endpoints are positive.,Dimensionless rate,Standardized before modeling; missing standardized entries are set to zero.
IS:sellingAndMarketingExpenses_Avg5,IS.sellingAndMarketingExpenses_Avg5,Candidate mediator,FMP stable /income-statement quarterly field: sellingAndMarketingExpenses,"Expense associated with selling, advertising, and marketing activities.",Mean of the anchor and up to 19 preceding quarterly values.,Reported currency amount,Standardized before modeling; missing standardized entries are set to zero.
IS:operatingExpenses,IS.operatingExpenses,Candidate mediator,FMP stable /income-statement quarterly field: operatingExpenses,Total expenses incurred in ordinary operations.,Value at the selected anchor quarter.,Reported currency amount,Standardized before modeling; missing standardized entries are set to zero.
IS:operatingExpenses_YoY,IS.operatingExpenses_YoY,Candidate mediator,FMP stable /income-statement quarterly field: operatingExpenses,Total expenses incurred in ordinary operations.,(anchor value - value four quarters earlier) / absolute value four quarters earlier.,Dimensionless rate,Standardized before modeling; missing standardized entries are set to zero.
IS:operatingExpenses_QoQ,IS.operatingExpenses_QoQ,Candidate mediator,FMP stable /income-statement quarterly field: operatingExpenses,Total expenses incurred in ordinary operations.,(anchor value - preceding-quarter value) / absolute preceding-quarter value.,Dimensionless rate,Standardized before modeling; missing standardized entries are set to zero.
IS:operatingExpenses_CAGR3,IS.operatingExpenses_CAGR3,Candidate mediator,FMP stable /income-statement quarterly field: operatingExpenses,Total expenses incurred in ordinary operations.,(anchor value / value 12 quarters earlier)^(1/3) - 1; missing unless both endpoints are positive.,Dimensionless rate,Standardized before modeling; missing standardized entries are set to zero.
IS:operatingExpenses_Avg5,IS.operatingExpenses_Avg5,Candidate mediator,FMP stable /income-statement quarterly field: operatingExpenses,Total expenses incurred in ordinary operations.,Mean of the anchor and up to 19 preceding quarterly values.,Reported currency amount,Standardized before modeling; missing standardized entries are set to zero.
IS:operatingIncome,IS.operatingIncome,Candidate mediator,FMP stable /income-statement quarterly field: operatingIncome,Income from core operations before non-operating items and income taxes.,Value at the selected anchor quarter.,Reported currency amount,Standardized before modeling; missing standardized entries are set to zero.
IS:operatingIncome_YoY,IS.operatingIncome_YoY,Candidate mediator,FMP stable /income-statement quarterly field: operatingIncome,Income from core operations before non-operating items and income taxes.,(anchor value - value four quarters earlier) / absolute value four quarters earlier.,Dimensionless rate,Standardized before modeling; missing standardized entries are set to zero.
IS:operatingIncome_QoQ,IS.operatingIncome_QoQ,Candidate mediator,FMP stable /income-statement quarterly field: operatingIncome,Income from core operations before non-operating items and income taxes.,(anchor value - preceding-quarter value) / absolute preceding-quarter value.,Dimensionless rate,Standardized before modeling; missing standardized entries are set to zero.
IS:operatingIncome_CAGR3,IS.operatingIncome_CAGR3,Candidate mediator,FMP stable /income-statement quarterly field: operatingIncome,Income from core operations before non-operating items and income taxes.,(anchor value / value 12 quarters earlier)^(1/3) - 1; missing unless both endpoints are positive.,Dimensionless rate,Standardized before modeling; missing standardized entries are set to zero.
IS:operatingIncome_Avg5,IS.operatingIncome_Avg5,Candidate mediator,FMP stable /income-statement quarterly field: operatingIncome,Income from core operations before non-operating items and income taxes.,Mean of the anchor and up to 19 preceding quarterly values.,Reported currency amount,Standardized before modeling; missing standardized entries are set to zero.
IS:interestExpense,IS.interestExpense,Candidate mediator,FMP stable /income-statement quarterly field: interestExpense,Interest cost on borrowings and related obligations.,Value at the selected anchor quarter.,Reported currency amount,Standardized before modeling; missing standardized entries are set to zero.
IS:interestExpense_YoY,IS.interestExpense_YoY,Candidate mediator,FMP stable /income-statement quarterly field: interestExpense,Interest cost on borrowings and related obligations.,(anchor value - value four quarters earlier) / absolute value four quarters earlier.,Dimensionless rate,Standardized before modeling; missing standardized entries are set to zero.
IS:interestExpense_QoQ,IS.interestExpense_QoQ,Candidate mediator,FMP stable /income-statement quarterly field: interestExpense,Interest cost on borrowings and related obligations.,(anchor value - preceding-quarter value) / absolute preceding-quarter value.,Dimensionless rate,Standardized before modeling; missing standardized entries are set to zero.
IS:interestExpense_CAGR3,IS.interestExpense_CAGR3,Candidate mediator,FMP stable /income-statement quarterly field: interestExpense,Interest cost on borrowings and related obligations.,(anchor value / value 12 quarters earlier)^(1/3) - 1; missing unless both endpoints are positive.,Dimensionless rate,Standardized before modeling; missing standardized entries are set to zero.
IS:interestExpense_Avg5,IS.interestExpense_Avg5,Candidate mediator,FMP stable /income-statement quarterly field: interestExpense,Interest cost on borrowings and related obligations.,Mean of the anchor and up to 19 preceding quarterly values.,Reported currency amount,Standardized before modeling; missing standardized entries are set to zero.
IS:incomeBeforeTax,IS.incomeBeforeTax,Candidate mediator,FMP stable /income-statement quarterly field: incomeBeforeTax,Income before the provision for income taxes.,Value at the selected anchor quarter.,Reported currency amount,Standardized before modeling; missing standardized entries are set to zero.
IS:incomeBeforeTax_YoY,IS.incomeBeforeTax_YoY,Candidate mediator,FMP stable /income-statement quarterly field: incomeBeforeTax,Income before the provision for income taxes.,(anchor value - value four quarters earlier) / absolute value four quarters earlier.,Dimensionless rate,Standardized before modeling; missing standardized entries are set to zero.
IS:incomeBeforeTax_QoQ,IS.incomeBeforeTax_QoQ,Candidate mediator,FMP stable /income-statement quarterly field: incomeBeforeTax,Income before the provision for income taxes.,(anchor value - preceding-quarter value) / absolute preceding-quarter value.,Dimensionless rate,Standardized before modeling; missing standardized entries are set to zero.
IS:incomeBeforeTax_CAGR3,IS.incomeBeforeTax_CAGR3,Candidate mediator,FMP stable /income-statement quarterly field: incomeBeforeTax,Income before the provision for income taxes.,(anchor value / value 12 quarters earlier)^(1/3) - 1; missing unless both endpoints are positive.,Dimensionless rate,Standardized before modeling; missing standardized entries are set to zero.
IS:incomeBeforeTax_Avg5,IS.incomeBeforeTax_Avg5,Candidate mediator,FMP stable /income-statement quarterly field: incomeBeforeTax,Income before the provision for income taxes.,Mean of the anchor and up to 19 preceding quarterly values.,Reported currency amount,Standardized before modeling; missing standardized entries are set to zero.
IS:incomeTaxExpense,IS.incomeTaxExpense,Candidate mediator,FMP stable /income-statement quarterly field: incomeTaxExpense,Reported provision or expense for income taxes.,Value at the selected anchor quarter.,Reported currency amount,Standardized before modeling; missing standardized entries are set to zero.
IS:incomeTaxExpense_YoY,IS.incomeTaxExpense_YoY,Candidate mediator,FMP stable /income-statement quarterly field: incomeTaxExpense,Reported provision or expense for income taxes.,(anchor value - value four quarters earlier) / absolute value four quarters earlier.,Dimensionless rate,Standardized before modeling; missing standardized entries are set to zero.
IS:incomeTaxExpense_QoQ,IS.incomeTaxExpense_QoQ,Candidate mediator,FMP stable /income-statement quarterly field: incomeTaxExpense,Reported provision or expense for income taxes.,(anchor value - preceding-quarter value) / absolute preceding-quarter value.,Dimensionless rate,Standardized before modeling; missing standardized entries are set to zero.
IS:incomeTaxExpense_CAGR3,IS.incomeTaxExpense_CAGR3,Candidate mediator,FMP stable /income-statement quarterly field: incomeTaxExpense,Reported provision or expense for income taxes.,(anchor value / value 12 quarters earlier)^(1/3) - 1; missing unless both endpoints are positive.,Dimensionless rate,Standardized before modeling; missing standardized entries are set to zero.
IS:incomeTaxExpense_Avg5,IS.incomeTaxExpense_Avg5,Candidate mediator,FMP stable /income-statement quarterly field: incomeTaxExpense,Reported provision or expense for income taxes.,Mean of the anchor and up to 19 preceding quarterly values.,Reported currency amount,Standardized before modeling; missing standardized entries are set to zero.
IS:netIncome,IS.netIncome,Candidate mediator,FMP stable /income-statement quarterly field: netIncome,Income remaining after reported expenses and taxes.,Value at the selected anchor quarter.,Reported currency amount,Standardized before modeling; missing standardized entries are set to zero.
IS:netIncome_YoY,IS.netIncome_YoY,Candidate mediator,FMP stable /income-statement quarterly field: netIncome,Income remaining after reported expenses and taxes.,(anchor value - value four quarters earlier) / absolute value four quarters earlier.,Dimensionless rate,Standardized before modeling; missing standardized entries are set to zero.
IS:netIncome_QoQ,IS.netIncome_QoQ,Candidate mediator,FMP stable /income-statement quarterly field: netIncome,Income remaining after reported expenses and taxes.,(anchor value - preceding-quarter value) / absolute preceding-quarter value.,Dimensionless rate,Standardized before modeling; missing standardized entries are set to zero.
IS:netIncome_CAGR3,IS.netIncome_CAGR3,Candidate mediator,FMP stable /income-statement quarterly field: netIncome,Income remaining after reported expenses and taxes.,(anchor value / value 12 quarters earlier)^(1/3) - 1; missing unless both endpoints are positive.,Dimensionless rate,Standardized before modeling; missing standardized entries are set to zero.
IS:netIncome_Avg5,IS.netIncome_Avg5,Candidate mediator,FMP stable /income-statement quarterly field: netIncome,Income remaining after reported expenses and taxes.,Mean of the anchor and up to 19 preceding quarterly values.,Reported currency amount,Standardized before modeling; missing standardized entries are set to zero.
IS:ebitda,IS.ebitda,Candidate mediator,FMP stable /income-statement quarterly field: ebitda,"Earnings before interest, taxes, depreciation, and amortization.",Value at the selected anchor quarter.,Reported currency amount,Standardized before modeling; missing standardized entries are set to zero.
IS:ebitda_YoY,IS.ebitda_YoY,Candidate mediator,FMP stable /income-statement quarterly field: ebitda,"Earnings before interest, taxes, depreciation, and amortization.",(anchor value - value four quarters earlier) / absolute value four quarters earlier.,Dimensionless rate,Standardized before modeling; missing standardized entries are set to zero.
IS:ebitda_QoQ,IS.ebitda_QoQ,Candidate mediator,FMP stable /income-statement quarterly field: ebitda,"Earnings before interest, taxes, depreciation, and amortization.",(anchor value - preceding-quarter value) / absolute preceding-quarter value.,Dimensionless rate,Standardized before modeling; missing standardized entries are set to zero.
IS:ebitda_CAGR3,IS.ebitda_CAGR3,Candidate mediator,FMP stable /income-statement quarterly field: ebitda,"Earnings before interest, taxes, depreciation, and amortization.",(anchor value / value 12 quarters earlier)^(1/3) - 1; missing unless both endpoints are positive.,Dimensionless rate,Standardized before modeling; missing standardized entries are set to zero.
IS:ebitda_Avg5,IS.ebitda_Avg5,Candidate mediator,FMP stable /income-statement quarterly field: ebitda,"Earnings before interest, taxes, depreciation, and amortization.",Mean of the anchor and up to 19 preceding quarterly values.,Reported currency amount,Standardized before modeling; missing standardized entries are set to zero.
IS:ebit,IS.ebit,Candidate mediator,FMP stable /income-statement quarterly field: ebit,Earnings before interest and taxes.,Value at the selected anchor quarter.,Reported currency amount,Standardized before modeling; missing standardized entries are set to zero.
IS:ebit_YoY,IS.ebit_YoY,Candidate mediator,FMP stable /income-statement quarterly field: ebit,Earnings before interest and taxes.,(anchor value - value four quarters earlier) / absolute value four quarters earlier.,Dimensionless rate,Standardized before modeling; missing standardized entries are set to zero.
IS:ebit_QoQ,IS.ebit_QoQ,Candidate mediator,FMP stable /income-statement quarterly field: ebit,Earnings before interest and taxes.,(anchor value - preceding-quarter value) / absolute preceding-quarter value.,Dimensionless rate,Standardized before modeling; missing standardized entries are set to zero.
IS:ebit_CAGR3,IS.ebit_CAGR3,Candidate mediator,FMP stable /income-statement quarterly field: ebit,Earnings before interest and taxes.,(anchor value / value 12 quarters earlier)^(1/3) - 1; missing unless both endpoints are positive.,Dimensionless rate,Standardized before modeling; missing standardized entries are set to zero.
IS:ebit_Avg5,IS.ebit_Avg5,Candidate mediator,FMP stable /income-statement quarterly field: ebit,Earnings before interest and taxes.,Mean of the anchor and up to 19 preceding quarterly values.,Reported currency amount,Standardized before modeling; missing standardized entries are set to zero.
IS:weightedAverageShsOut,IS.weightedAverageShsOut,Candidate mediator,FMP stable /income-statement quarterly field: weightedAverageShsOut,Basic weighted-average shares outstanding during the reporting period.,Value at the selected anchor quarter.,Shares,Standardized before modeling; missing standardized entries are set to zero.
IS:weightedAverageShsOut_YoY,IS.weightedAverageShsOut_YoY,Candidate mediator,FMP stable /income-statement quarterly field: weightedAverageShsOut,Basic weighted-average shares outstanding during the reporting period.,(anchor value - value four quarters earlier) / absolute value four quarters earlier.,Dimensionless rate,Standardized before modeling; missing standardized entries are set to zero.
IS:weightedAverageShsOut_QoQ,IS.weightedAverageShsOut_QoQ,Candidate mediator,FMP stable /income-statement quarterly field: weightedAverageShsOut,Basic weighted-average shares outstanding during the reporting period.,(anchor value - preceding-quarter value) / absolute preceding-quarter value.,Dimensionless rate,Standardized before modeling; missing standardized entries are set to zero.
IS:weightedAverageShsOut_CAGR3,IS.weightedAverageShsOut_CAGR3,Candidate mediator,FMP stable /income-statement quarterly field: weightedAverageShsOut,Basic weighted-average shares outstanding during the reporting period.,(anchor value / value 12 quarters earlier)^(1/3) - 1; missing unless both endpoints are positive.,Dimensionless rate,Standardized before modeling; missing standardized entries are set to zero.
IS:weightedAverageShsOut_Avg5,IS.weightedAverageShsOut_Avg5,Candidate mediator,FMP stable /income-statement quarterly field: weightedAverageShsOut,Basic weighted-average shares outstanding during the reporting period.,Mean of the anchor and up to 19 preceding quarterly values.,Shares,Standardized before modeling; missing standardized entries are set to zero.
IS:weightedAverageShsOutDil,IS.weightedAverageShsOutDil,Candidate mediator,FMP stable /income-statement quarterly field: weightedAverageShsOutDil,Diluted weighted-average shares outstanding during the reporting period.,Value at the selected anchor quarter.,Shares,Standardized before modeling; missing standardized entries are set to zero.
IS:weightedAverageShsOutDil_YoY,IS.weightedAverageShsOutDil_YoY,Candidate mediator,FMP stable /income-statement quarterly field: weightedAverageShsOutDil,Diluted weighted-average shares outstanding during the reporting period.,(anchor value - value four quarters earlier) / absolute value four quarters earlier.,Dimensionless rate,Standardized before modeling; missing standardized entries are set to zero.
IS:weightedAverageShsOutDil_QoQ,IS.weightedAverageShsOutDil_QoQ,Candidate mediator,FMP stable /income-statement quarterly field: weightedAverageShsOutDil,Diluted weighted-average shares outstanding during the reporting period.,(anchor value - preceding-quarter value) / absolute preceding-quarter value.,Dimensionless rate,Standardized before modeling; missing standardized entries are set to zero.
IS:weightedAverageShsOutDil_CAGR3,IS.weightedAverageShsOutDil_CAGR3,Candidate mediator,FMP stable /income-statement quarterly field: weightedAverageShsOutDil,Diluted weighted-average shares outstanding during the reporting period.,(anchor value / value 12 quarters earlier)^(1/3) - 1; missing unless both endpoints are positive.,Dimensionless rate,Standardized before modeling; missing standardized entries are set to zero.
IS:weightedAverageShsOutDil_Avg5,IS.weightedAverageShsOutDil_Avg5,Candidate mediator,FMP stable /income-statement quarterly field: weightedAverageShsOutDil,Diluted weighted-average shares outstanding during the reporting period.,Mean of the anchor and up to 19 preceding quarterly values.,Shares,Standardized before modeling; missing standardized entries are set to zero.
IS:eps,IS.eps,Candidate mediator,FMP stable /income-statement quarterly field: eps,Basic earnings per share.,Value at the selected anchor quarter.,Reported currency per share,Standardized before modeling; missing standardized entries are set to zero.
IS:eps_YoY,IS.eps_YoY,Candidate mediator,FMP stable /income-statement quarterly field: eps,Basic earnings per share.,(anchor value - value four quarters earlier) / absolute value four quarters earlier.,Dimensionless rate,Standardized before modeling; missing standardized entries are set to zero.
IS:eps_QoQ,IS.eps_QoQ,Candidate mediator,FMP stable /income-statement quarterly field: eps,Basic earnings per share.,(anchor value - preceding-quarter value) / absolute preceding-quarter value.,Dimensionless rate,Standardized before modeling; missing standardized entries are set to zero.
IS:eps_CAGR3,IS.eps_CAGR3,Candidate mediator,FMP stable /income-statement quarterly field: eps,Basic earnings per share.,(anchor value / value 12 quarters earlier)^(1/3) - 1; missing unless both endpoints are positive.,Dimensionless rate,Standardized before modeling; missing standardized entries are set to zero.
IS:eps_Avg5,IS.eps_Avg5,Candidate mediator,FMP stable /income-statement quarterly field: eps,Basic earnings per share.,Mean of the anchor and up to 19 preceding quarterly values.,Reported currency per share,Standardized before modeling; missing standardized entries are set to zero.
BS:cashAndCashEquivalents,BS.cashAndCashEquivalents,Candidate mediator,FMP stable /balance-sheet-statement quarterly field: cashAndCashEquivalents,Cash and highly liquid cash-equivalent holdings.,Value at the selected anchor quarter.,Reported currency amount,Standardized before modeling; missing standardized entries are set to zero.
BS:cashAndCashEquivalents_YoY,BS.cashAndCashEquivalents_YoY,Candidate mediator,FMP stable /balance-sheet-statement quarterly field: cashAndCashEquivalents,Cash and highly liquid cash-equivalent holdings.,(anchor value - value four quarters earlier) / absolute value four quarters earlier.,Dimensionless rate,Standardized before modeling; missing standardized entries are set to zero.
BS:cashAndCashEquivalents_QoQ,BS.cashAndCashEquivalents_QoQ,Candidate mediator,FMP stable /balance-sheet-statement quarterly field: cashAndCashEquivalents,Cash and highly liquid cash-equivalent holdings.,(anchor value - preceding-quarter value) / absolute preceding-quarter value.,Dimensionless rate,Standardized before modeling; missing standardized entries are set to zero.
BS:cashAndCashEquivalents_CAGR3,BS.cashAndCashEquivalents_CAGR3,Candidate mediator,FMP stable /balance-sheet-statement quarterly field: cashAndCashEquivalents,Cash and highly liquid cash-equivalent holdings.,(anchor value / value 12 quarters earlier)^(1/3) - 1; missing unless both endpoints are positive.,Dimensionless rate,Standardized before modeling; missing standardized entries are set to zero.
BS:cashAndCashEquivalents_Avg5,BS.cashAndCashEquivalents_Avg5,Candidate mediator,FMP stable /balance-sheet-statement quarterly field: cashAndCashEquivalents,Cash and highly liquid cash-equivalent holdings.,Mean of the anchor and up to 19 preceding quarterly values.,Reported currency amount,Standardized before modeling; missing standardized entries are set to zero.
BS:shortTermInvestments,BS.shortTermInvestments,Candidate mediator,FMP stable /balance-sheet-statement quarterly field: shortTermInvestments,Investments expected to mature or be converted to cash in the short term.,Value at the selected anchor quarter.,Reported currency amount,Standardized before modeling; missing standardized entries are set to zero.
BS:shortTermInvestments_YoY,BS.shortTermInvestments_YoY,Candidate mediator,FMP stable /balance-sheet-statement quarterly field: shortTermInvestments,Investments expected to mature or be converted to cash in the short term.,(anchor value - value four quarters earlier) / absolute value four quarters earlier.,Dimensionless rate,Standardized before modeling; missing standardized entries are set to zero.
BS:shortTermInvestments_QoQ,BS.shortTermInvestments_QoQ,Candidate mediator,FMP stable /balance-sheet-statement quarterly field: shortTermInvestments,Investments expected to mature or be converted to cash in the short term.,(anchor value - preceding-quarter value) / absolute preceding-quarter value.,Dimensionless rate,Standardized before modeling; missing standardized entries are set to zero.
BS:shortTermInvestments_CAGR3,BS.shortTermInvestments_CAGR3,Candidate mediator,FMP stable /balance-sheet-statement quarterly field: shortTermInvestments,Investments expected to mature or be converted to cash in the short term.,(anchor value / value 12 quarters earlier)^(1/3) - 1; missing unless both endpoints are positive.,Dimensionless rate,Standardized before modeling; missing standardized entries are set to zero.
BS:shortTermInvestments_Avg5,BS.shortTermInvestments_Avg5,Candidate mediator,FMP stable /balance-sheet-statement quarterly field: shortTermInvestments,Investments expected to mature or be converted to cash in the short term.,Mean of the anchor and up to 19 preceding quarterly values.,Reported currency amount,Standardized before modeling; missing standardized entries are set to zero.
BS:netReceivables,BS.netReceivables,Candidate mediator,FMP stable /balance-sheet-statement quarterly field: netReceivables,Receivables net of allowances and adjustments.,Value at the selected anchor quarter.,Reported currency amount,Standardized before modeling; missing standardized entries are set to zero.
BS:netReceivables_YoY,BS.netReceivables_YoY,Candidate mediator,FMP stable /balance-sheet-statement quarterly field: netReceivables,Receivables net of allowances and adjustments.,(anchor value - value four quarters earlier) / absolute value four quarters earlier.,Dimensionless rate,Standardized before modeling; missing standardized entries are set to zero.
BS:netReceivables_QoQ,BS.netReceivables_QoQ,Candidate mediator,FMP stable /balance-sheet-statement quarterly field: netReceivables,Receivables net of allowances and adjustments.,(anchor value - preceding-quarter value) / absolute preceding-quarter value.,Dimensionless rate,Standardized before modeling; missing standardized entries are set to zero.
BS:netReceivables_CAGR3,BS.netReceivables_CAGR3,Candidate mediator,FMP stable /balance-sheet-statement quarterly field: netReceivables,Receivables net of allowances and adjustments.,(anchor value / value 12 quarters earlier)^(1/3) - 1; missing unless both endpoints are positive.,Dimensionless rate,Standardized before modeling; missing standardized entries are set to zero.
BS:netReceivables_Avg5,BS.netReceivables_Avg5,Candidate mediator,FMP stable /balance-sheet-statement quarterly field: netReceivables,Receivables net of allowances and adjustments.,Mean of the anchor and up to 19 preceding quarterly values.,Reported currency amount,Standardized before modeling; missing standardized entries are set to zero.
BS:inventory,BS.inventory,Candidate mediator,FMP stable /balance-sheet-statement quarterly field: inventory,Reported carrying amount of inventory.,Value at the selected anchor quarter.,Reported currency amount,Standardized before modeling; missing standardized entries are set to zero.
BS:inventory_YoY,BS.inventory_YoY,Candidate mediator,FMP stable /balance-sheet-statement quarterly field: inventory,Reported carrying amount of inventory.,(anchor value - value four quarters earlier) / absolute value four quarters earlier.,Dimensionless rate,Standardized before modeling; missing standardized entries are set to zero.
BS:inventory_QoQ,BS.inventory_QoQ,Candidate mediator,FMP stable /balance-sheet-statement quarterly field: inventory,Reported carrying amount of inventory.,(anchor value - preceding-quarter value) / absolute preceding-quarter value.,Dimensionless rate,Standardized before modeling; missing standardized entries are set to zero.
BS:inventory_CAGR3,BS.inventory_CAGR3,Candidate mediator,FMP stable /balance-sheet-statement quarterly field: inventory,Reported carrying amount of inventory.,(anchor value / value 12 quarters earlier)^(1/3) - 1; missing unless both endpoints are positive.,Dimensionless rate,Standardized before modeling; missing standardized entries are set to zero.
BS:inventory_Avg5,BS.inventory_Avg5,Candidate mediator,FMP stable /balance-sheet-statement quarterly field: inventory,Reported carrying amount of inventory.,Mean of the anchor and up to 19 preceding quarterly values.,Reported currency amount,Standardized before modeling; missing standardized entries are set to zero.
BS:otherCurrentAssets,BS.otherCurrentAssets,Candidate mediator,FMP stable /balance-sheet-statement quarterly field: otherCurrentAssets,Current assets not separately classified in another selected field.,Value at the selected anchor quarter.,Reported currency amount,Standardized before modeling; missing standardized entries are set to zero.
BS:otherCurrentAssets_YoY,BS.otherCurrentAssets_YoY,Candidate mediator,FMP stable /balance-sheet-statement quarterly field: otherCurrentAssets,Current assets not separately classified in another selected field.,(anchor value - value four quarters earlier) / absolute value four quarters earlier.,Dimensionless rate,Standardized before modeling; missing standardized entries are set to zero.
BS:otherCurrentAssets_QoQ,BS.otherCurrentAssets_QoQ,Candidate mediator,FMP stable /balance-sheet-statement quarterly field: otherCurrentAssets,Current assets not separately classified in another selected field.,(anchor value - preceding-quarter value) / absolute preceding-quarter value.,Dimensionless rate,Standardized before modeling; missing standardized entries are set to zero.
BS:otherCurrentAssets_CAGR3,BS.otherCurrentAssets_CAGR3,Candidate mediator,FMP stable /balance-sheet-statement quarterly field: otherCurrentAssets,Current assets not separately classified in another selected field.,(anchor value / value 12 quarters earlier)^(1/3) - 1; missing unless both endpoints are positive.,Dimensionless rate,Standardized before modeling; missing standardized entries are set to zero.
BS:otherCurrentAssets_Avg5,BS.otherCurrentAssets_Avg5,Candidate mediator,FMP stable /balance-sheet-statement quarterly field: otherCurrentAssets,Current assets not separately classified in another selected field.,Mean of the anchor and up to 19 preceding quarterly values.,Reported currency amount,Standardized before modeling; missing standardized entries are set to zero.
BS:totalCurrentAssets,BS.totalCurrentAssets,Candidate mediator,FMP stable /balance-sheet-statement quarterly field: totalCurrentAssets,"Total assets expected to be realized, sold, or consumed within the operating cycle.",Value at the selected anchor quarter.,Reported currency amount,Standardized before modeling; missing standardized entries are set to zero.
BS:totalCurrentAssets_YoY,BS.totalCurrentAssets_YoY,Candidate mediator,FMP stable /balance-sheet-statement quarterly field: totalCurrentAssets,"Total assets expected to be realized, sold, or consumed within the operating cycle.",(anchor value - value four quarters earlier) / absolute value four quarters earlier.,Dimensionless rate,Standardized before modeling; missing standardized entries are set to zero.
BS:totalCurrentAssets_QoQ,BS.totalCurrentAssets_QoQ,Candidate mediator,FMP stable /balance-sheet-statement quarterly field: totalCurrentAssets,"Total assets expected to be realized, sold, or consumed within the operating cycle.",(anchor value - preceding-quarter value) / absolute preceding-quarter value.,Dimensionless rate,Standardized before modeling; missing standardized entries are set to zero.
BS:totalCurrentAssets_CAGR3,BS.totalCurrentAssets_CAGR3,Candidate mediator,FMP stable /balance-sheet-statement quarterly field: totalCurrentAssets,"Total assets expected to be realized, sold, or consumed within the operating cycle.",(anchor value / value 12 quarters earlier)^(1/3) - 1; missing unless both endpoints are positive.,Dimensionless rate,Standardized before modeling; missing standardized entries are set to zero.
BS:totalCurrentAssets_Avg5,BS.totalCurrentAssets_Avg5,Candidate mediator,FMP stable /balance-sheet-statement quarterly field: totalCurrentAssets,"Total assets expected to be realized, sold, or consumed within the operating cycle.",Mean of the anchor and up to 19 preceding quarterly values.,Reported currency amount,Standardized before modeling; missing standardized entries are set to zero.
BS:propertyPlantEquipmentNet,BS.propertyPlantEquipmentNet,Candidate mediator,FMP stable /balance-sheet-statement quarterly field: propertyPlantEquipmentNet,"Property, plant, and equipment net of accumulated depreciation.",Value at the selected anchor quarter.,Reported currency amount,Standardized before modeling; missing standardized entries are set to zero.
BS:propertyPlantEquipmentNet_YoY,BS.propertyPlantEquipmentNet_YoY,Candidate mediator,FMP stable /balance-sheet-statement quarterly field: propertyPlantEquipmentNet,"Property, plant, and equipment net of accumulated depreciation.",(anchor value - value four quarters earlier) / absolute value four quarters earlier.,Dimensionless rate,Standardized before modeling; missing standardized entries are set to zero.
BS:propertyPlantEquipmentNet_QoQ,BS.propertyPlantEquipmentNet_QoQ,Candidate mediator,FMP stable /balance-sheet-statement quarterly field: propertyPlantEquipmentNet,"Property, plant, and equipment net of accumulated depreciation.",(anchor value - preceding-quarter value) / absolute preceding-quarter value.,Dimensionless rate,Standardized before modeling; missing standardized entries are set to zero.
BS:propertyPlantEquipmentNet_CAGR3,BS.propertyPlantEquipmentNet_CAGR3,Candidate mediator,FMP stable /balance-sheet-statement quarterly field: propertyPlantEquipmentNet,"Property, plant, and equipment net of accumulated depreciation.",(anchor value / value 12 quarters earlier)^(1/3) - 1; missing unless both endpoints are positive.,Dimensionless rate,Standardized before modeling; missing standardized entries are set to zero.
BS:propertyPlantEquipmentNet_Avg5,BS.propertyPlantEquipmentNet_Avg5,Candidate mediator,FMP stable /balance-sheet-statement quarterly field: propertyPlantEquipmentNet,"Property, plant, and equipment net of accumulated depreciation.",Mean of the anchor and up to 19 preceding quarterly values.,Reported currency amount,Standardized before modeling; missing standardized entries are set to zero.
BS:goodwill,BS.goodwill,Candidate mediator,FMP stable /balance-sheet-statement quarterly field: goodwill,Goodwill recognized primarily from acquisitions.,Value at the selected anchor quarter.,Reported currency amount,Standardized before modeling; missing standardized entries are set to zero.
BS:goodwill_YoY,BS.goodwill_YoY,Candidate mediator,FMP stable /balance-sheet-statement quarterly field: goodwill,Goodwill recognized primarily from acquisitions.,(anchor value - value four quarters earlier) / absolute value four quarters earlier.,Dimensionless rate,Standardized before modeling; missing standardized entries are set to zero.
BS:goodwill_QoQ,BS.goodwill_QoQ,Candidate mediator,FMP stable /balance-sheet-statement quarterly field: goodwill,Goodwill recognized primarily from acquisitions.,(anchor value - preceding-quarter value) / absolute preceding-quarter value.,Dimensionless rate,Standardized before modeling; missing standardized entries are set to zero.
BS:goodwill_CAGR3,BS.goodwill_CAGR3,Candidate mediator,FMP stable /balance-sheet-statement quarterly field: goodwill,Goodwill recognized primarily from acquisitions.,(anchor value / value 12 quarters earlier)^(1/3) - 1; missing unless both endpoints are positive.,Dimensionless rate,Standardized before modeling; missing standardized entries are set to zero.
BS:goodwill_Avg5,BS.goodwill_Avg5,Candidate mediator,FMP stable /balance-sheet-statement quarterly field: goodwill,Goodwill recognized primarily from acquisitions.,Mean of the anchor and up to 19 preceding quarterly values.,Reported currency amount,Standardized before modeling; missing standardized entries are set to zero.
BS:intangibleAssets,BS.intangibleAssets,Candidate mediator,FMP stable /balance-sheet-statement quarterly field: intangibleAssets,Reported identifiable intangible assets.,Value at the selected anchor quarter.,Reported currency amount,Standardized before modeling; missing standardized entries are set to zero.
BS:intangibleAssets_YoY,BS.intangibleAssets_YoY,Candidate mediator,FMP stable /balance-sheet-statement quarterly field: intangibleAssets,Reported identifiable intangible assets.,(anchor value - value four quarters earlier) / absolute value four quarters earlier.,Dimensionless rate,Standardized before modeling; missing standardized entries are set to zero.
BS:intangibleAssets_QoQ,BS.intangibleAssets_QoQ,Candidate mediator,FMP stable /balance-sheet-statement quarterly field: intangibleAssets,Reported identifiable intangible assets.,(anchor value - preceding-quarter value) / absolute preceding-quarter value.,Dimensionless rate,Standardized before modeling; missing standardized entries are set to zero.
BS:intangibleAssets_CAGR3,BS.intangibleAssets_CAGR3,Candidate mediator,FMP stable /balance-sheet-statement quarterly field: intangibleAssets,Reported identifiable intangible assets.,(anchor value / value 12 quarters earlier)^(1/3) - 1; missing unless both endpoints are positive.,Dimensionless rate,Standardized before modeling; missing standardized entries are set to zero.
BS:intangibleAssets_Avg5,BS.intangibleAssets_Avg5,Candidate mediator,FMP stable /balance-sheet-statement quarterly field: intangibleAssets,Reported identifiable intangible assets.,Mean of the anchor and up to 19 preceding quarterly values.,Reported currency amount,Standardized before modeling; missing standardized entries are set to zero.
BS:totalNonCurrentAssets,BS.totalNonCurrentAssets,Candidate mediator,FMP stable /balance-sheet-statement quarterly field: totalNonCurrentAssets,Total assets classified as non-current.,Value at the selected anchor quarter.,Reported currency amount,Standardized before modeling; missing standardized entries are set to zero.
BS:totalNonCurrentAssets_YoY,BS.totalNonCurrentAssets_YoY,Candidate mediator,FMP stable /balance-sheet-statement quarterly field: totalNonCurrentAssets,Total assets classified as non-current.,(anchor value - value four quarters earlier) / absolute value four quarters earlier.,Dimensionless rate,Standardized before modeling; missing standardized entries are set to zero.
BS:totalNonCurrentAssets_QoQ,BS.totalNonCurrentAssets_QoQ,Candidate mediator,FMP stable /balance-sheet-statement quarterly field: totalNonCurrentAssets,Total assets classified as non-current.,(anchor value - preceding-quarter value) / absolute preceding-quarter value.,Dimensionless rate,Standardized before modeling; missing standardized entries are set to zero.
BS:totalNonCurrentAssets_CAGR3,BS.totalNonCurrentAssets_CAGR3,Candidate mediator,FMP stable /balance-sheet-statement quarterly field: totalNonCurrentAssets,Total assets classified as non-current.,(anchor value / value 12 quarters earlier)^(1/3) - 1; missing unless both endpoints are positive.,Dimensionless rate,Standardized before modeling; missing standardized entries are set to zero.
BS:totalNonCurrentAssets_Avg5,BS.totalNonCurrentAssets_Avg5,Candidate mediator,FMP stable /balance-sheet-statement quarterly field: totalNonCurrentAssets,Total assets classified as non-current.,Mean of the anchor and up to 19 preceding quarterly values.,Reported currency amount,Standardized before modeling; missing standardized entries are set to zero.
BS:totalAssets,BS.totalAssets,Candidate mediator,FMP stable /balance-sheet-statement quarterly field: totalAssets,Total reported assets.,Value at the selected anchor quarter.,Reported currency amount,Standardized before modeling; missing standardized entries are set to zero.
BS:totalAssets_YoY,BS.totalAssets_YoY,Candidate mediator,FMP stable /balance-sheet-statement quarterly field: totalAssets,Total reported assets.,(anchor value - value four quarters earlier) / absolute value four quarters earlier.,Dimensionless rate,Standardized before modeling; missing standardized entries are set to zero.
BS:totalAssets_QoQ,BS.totalAssets_QoQ,Candidate mediator,FMP stable /balance-sheet-statement quarterly field: totalAssets,Total reported assets.,(anchor value - preceding-quarter value) / absolute preceding-quarter value.,Dimensionless rate,Standardized before modeling; missing standardized entries are set to zero.
BS:totalAssets_CAGR3,BS.totalAssets_CAGR3,Candidate mediator,FMP stable /balance-sheet-statement quarterly field: totalAssets,Total reported assets.,(anchor value / value 12 quarters earlier)^(1/3) - 1; missing unless both endpoints are positive.,Dimensionless rate,Standardized before modeling; missing standardized entries are set to zero.
BS:totalAssets_Avg5,BS.totalAssets_Avg5,Candidate mediator,FMP stable /balance-sheet-statement quarterly field: totalAssets,Total reported assets.,Mean of the anchor and up to 19 preceding quarterly values.,Reported currency amount,Standardized before modeling; missing standardized entries are set to zero.
BS:accountPayables,BS.accountPayables,Candidate mediator,FMP stable /balance-sheet-statement quarterly field: accountPayables,Amounts owed to suppliers and other trade creditors.,Value at the selected anchor quarter.,Reported currency amount,Standardized before modeling; missing standardized entries are set to zero.
BS:accountPayables_YoY,BS.accountPayables_YoY,Candidate mediator,FMP stable /balance-sheet-statement quarterly field: accountPayables,Amounts owed to suppliers and other trade creditors.,(anchor value - value four quarters earlier) / absolute value four quarters earlier.,Dimensionless rate,Standardized before modeling; missing standardized entries are set to zero.
BS:accountPayables_QoQ,BS.accountPayables_QoQ,Candidate mediator,FMP stable /balance-sheet-statement quarterly field: accountPayables,Amounts owed to suppliers and other trade creditors.,(anchor value - preceding-quarter value) / absolute preceding-quarter value.,Dimensionless rate,Standardized before modeling; missing standardized entries are set to zero.
BS:accountPayables_CAGR3,BS.accountPayables_CAGR3,Candidate mediator,FMP stable /balance-sheet-statement quarterly field: accountPayables,Amounts owed to suppliers and other trade creditors.,(anchor value / value 12 quarters earlier)^(1/3) - 1; missing unless both endpoints are positive.,Dimensionless rate,Standardized before modeling; missing standardized entries are set to zero.
BS:accountPayables_Avg5,BS.accountPayables_Avg5,Candidate mediator,FMP stable /balance-sheet-statement quarterly field: accountPayables,Amounts owed to suppliers and other trade creditors.,Mean of the anchor and up to 19 preceding quarterly values.,Reported currency amount,Standardized before modeling; missing standardized entries are set to zero.
BS:shortTermDebt,BS.shortTermDebt,Candidate mediator,FMP stable /balance-sheet-statement quarterly field: shortTermDebt,Borrowings and debt obligations classified as current or short term.,Value at the selected anchor quarter.,Reported currency amount,Standardized before modeling; missing standardized entries are set to zero.
BS:shortTermDebt_YoY,BS.shortTermDebt_YoY,Candidate mediator,FMP stable /balance-sheet-statement quarterly field: shortTermDebt,Borrowings and debt obligations classified as current or short term.,(anchor value - value four quarters earlier) / absolute value four quarters earlier.,Dimensionless rate,Standardized before modeling; missing standardized entries are set to zero.
BS:shortTermDebt_QoQ,BS.shortTermDebt_QoQ,Candidate mediator,FMP stable /balance-sheet-statement quarterly field: shortTermDebt,Borrowings and debt obligations classified as current or short term.,(anchor value - preceding-quarter value) / absolute preceding-quarter value.,Dimensionless rate,Standardized before modeling; missing standardized entries are set to zero.
BS:shortTermDebt_CAGR3,BS.shortTermDebt_CAGR3,Candidate mediator,FMP stable /balance-sheet-statement quarterly field: shortTermDebt,Borrowings and debt obligations classified as current or short term.,(anchor value / value 12 quarters earlier)^(1/3) - 1; missing unless both endpoints are positive.,Dimensionless rate,Standardized before modeling; missing standardized entries are set to zero.
BS:shortTermDebt_Avg5,BS.shortTermDebt_Avg5,Candidate mediator,FMP stable /balance-sheet-statement quarterly field: shortTermDebt,Borrowings and debt obligations classified as current or short term.,Mean of the anchor and up to 19 preceding quarterly values.,Reported currency amount,Standardized before modeling; missing standardized entries are set to zero.
BS:deferredRevenue,BS.deferredRevenue,Candidate mediator,FMP stable /balance-sheet-statement quarterly field: deferredRevenue,Consideration received or billed before the related revenue is recognized.,Value at the selected anchor quarter.,Reported currency amount,Standardized before modeling; missing standardized entries are set to zero.
BS:deferredRevenue_YoY,BS.deferredRevenue_YoY,Candidate mediator,FMP stable /balance-sheet-statement quarterly field: deferredRevenue,Consideration received or billed before the related revenue is recognized.,(anchor value - value four quarters earlier) / absolute value four quarters earlier.,Dimensionless rate,Standardized before modeling; missing standardized entries are set to zero.
BS:deferredRevenue_QoQ,BS.deferredRevenue_QoQ,Candidate mediator,FMP stable /balance-sheet-statement quarterly field: deferredRevenue,Consideration received or billed before the related revenue is recognized.,(anchor value - preceding-quarter value) / absolute preceding-quarter value.,Dimensionless rate,Standardized before modeling; missing standardized entries are set to zero.
BS:deferredRevenue_CAGR3,BS.deferredRevenue_CAGR3,Candidate mediator,FMP stable /balance-sheet-statement quarterly field: deferredRevenue,Consideration received or billed before the related revenue is recognized.,(anchor value / value 12 quarters earlier)^(1/3) - 1; missing unless both endpoints are positive.,Dimensionless rate,Standardized before modeling; missing standardized entries are set to zero.
BS:deferredRevenue_Avg5,BS.deferredRevenue_Avg5,Candidate mediator,FMP stable /balance-sheet-statement quarterly field: deferredRevenue,Consideration received or billed before the related revenue is recognized.,Mean of the anchor and up to 19 preceding quarterly values.,Reported currency amount,Standardized before modeling; missing standardized entries are set to zero.
BS:otherCurrentLiabilities,BS.otherCurrentLiabilities,Candidate mediator,FMP stable /balance-sheet-statement quarterly field: otherCurrentLiabilities,Current liabilities not separately classified in another selected field.,Value at the selected anchor quarter.,Reported currency amount,Standardized before modeling; missing standardized entries are set to zero.
BS:otherCurrentLiabilities_YoY,BS.otherCurrentLiabilities_YoY,Candidate mediator,FMP stable /balance-sheet-statement quarterly field: otherCurrentLiabilities,Current liabilities not separately classified in another selected field.,(anchor value - value four quarters earlier) / absolute value four quarters earlier.,Dimensionless rate,Standardized before modeling; missing standardized entries are set to zero.
BS:otherCurrentLiabilities_QoQ,BS.otherCurrentLiabilities_QoQ,Candidate mediator,FMP stable /balance-sheet-statement quarterly field: otherCurrentLiabilities,Current liabilities not separately classified in another selected field.,(anchor value - preceding-quarter value) / absolute preceding-quarter value.,Dimensionless rate,Standardized before modeling; missing standardized entries are set to zero.
BS:otherCurrentLiabilities_CAGR3,BS.otherCurrentLiabilities_CAGR3,Candidate mediator,FMP stable /balance-sheet-statement quarterly field: otherCurrentLiabilities,Current liabilities not separately classified in another selected field.,(anchor value / value 12 quarters earlier)^(1/3) - 1; missing unless both endpoints are positive.,Dimensionless rate,Standardized before modeling; missing standardized entries are set to zero.
BS:otherCurrentLiabilities_Avg5,BS.otherCurrentLiabilities_Avg5,Candidate mediator,FMP stable /balance-sheet-statement quarterly field: otherCurrentLiabilities,Current liabilities not separately classified in another selected field.,Mean of the anchor and up to 19 preceding quarterly values.,Reported currency amount,Standardized before modeling; missing standardized entries are set to zero.
BS:totalCurrentLiabilities,BS.totalCurrentLiabilities,Candidate mediator,FMP stable /balance-sheet-statement quarterly field: totalCurrentLiabilities,Total obligations due within the operating cycle or short term.,Value at the selected anchor quarter.,Reported currency amount,Standardized before modeling; missing standardized entries are set to zero.
BS:totalCurrentLiabilities_YoY,BS.totalCurrentLiabilities_YoY,Candidate mediator,FMP stable /balance-sheet-statement quarterly field: totalCurrentLiabilities,Total obligations due within the operating cycle or short term.,(anchor value - value four quarters earlier) / absolute value four quarters earlier.,Dimensionless rate,Standardized before modeling; missing standardized entries are set to zero.
BS:totalCurrentLiabilities_QoQ,BS.totalCurrentLiabilities_QoQ,Candidate mediator,FMP stable /balance-sheet-statement quarterly field: totalCurrentLiabilities,Total obligations due within the operating cycle or short term.,(anchor value - preceding-quarter value) / absolute preceding-quarter value.,Dimensionless rate,Standardized before modeling; missing standardized entries are set to zero.
BS:totalCurrentLiabilities_CAGR3,BS.totalCurrentLiabilities_CAGR3,Candidate mediator,FMP stable /balance-sheet-statement quarterly field: totalCurrentLiabilities,Total obligations due within the operating cycle or short term.,(anchor value / value 12 quarters earlier)^(1/3) - 1; missing unless both endpoints are positive.,Dimensionless rate,Standardized before modeling; missing standardized entries are set to zero.
BS:totalCurrentLiabilities_Avg5,BS.totalCurrentLiabilities_Avg5,Candidate mediator,FMP stable /balance-sheet-statement quarterly field: totalCurrentLiabilities,Total obligations due within the operating cycle or short term.,Mean of the anchor and up to 19 preceding quarterly values.,Reported currency amount,Standardized before modeling; missing standardized entries are set to zero.
BS:longTermDebt,BS.longTermDebt,Candidate mediator,FMP stable /balance-sheet-statement quarterly field: longTermDebt,Debt obligations classified as long term.,Value at the selected anchor quarter.,Reported currency amount,Standardized before modeling; missing standardized entries are set to zero.
BS:longTermDebt_YoY,BS.longTermDebt_YoY,Candidate mediator,FMP stable /balance-sheet-statement quarterly field: longTermDebt,Debt obligations classified as long term.,(anchor value - value four quarters earlier) / absolute value four quarters earlier.,Dimensionless rate,Standardized before modeling; missing standardized entries are set to zero.
BS:longTermDebt_QoQ,BS.longTermDebt_QoQ,Candidate mediator,FMP stable /balance-sheet-statement quarterly field: longTermDebt,Debt obligations classified as long term.,(anchor value - preceding-quarter value) / absolute preceding-quarter value.,Dimensionless rate,Standardized before modeling; missing standardized entries are set to zero.
BS:longTermDebt_CAGR3,BS.longTermDebt_CAGR3,Candidate mediator,FMP stable /balance-sheet-statement quarterly field: longTermDebt,Debt obligations classified as long term.,(anchor value / value 12 quarters earlier)^(1/3) - 1; missing unless both endpoints are positive.,Dimensionless rate,Standardized before modeling; missing standardized entries are set to zero.
BS:longTermDebt_Avg5,BS.longTermDebt_Avg5,Candidate mediator,FMP stable /balance-sheet-statement quarterly field: longTermDebt,Debt obligations classified as long term.,Mean of the anchor and up to 19 preceding quarterly values.,Reported currency amount,Standardized before modeling; missing standardized entries are set to zero.
BS:totalNonCurrentLiabilities,BS.totalNonCurrentLiabilities,Candidate mediator,FMP stable /balance-sheet-statement quarterly field: totalNonCurrentLiabilities,Total liabilities classified as non-current.,Value at the selected anchor quarter.,Reported currency amount,Standardized before modeling; missing standardized entries are set to zero.
BS:totalNonCurrentLiabilities_YoY,BS.totalNonCurrentLiabilities_YoY,Candidate mediator,FMP stable /balance-sheet-statement quarterly field: totalNonCurrentLiabilities,Total liabilities classified as non-current.,(anchor value - value four quarters earlier) / absolute value four quarters earlier.,Dimensionless rate,Standardized before modeling; missing standardized entries are set to zero.
BS:totalNonCurrentLiabilities_QoQ,BS.totalNonCurrentLiabilities_QoQ,Candidate mediator,FMP stable /balance-sheet-statement quarterly field: totalNonCurrentLiabilities,Total liabilities classified as non-current.,(anchor value - preceding-quarter value) / absolute preceding-quarter value.,Dimensionless rate,Standardized before modeling; missing standardized entries are set to zero.
BS:totalNonCurrentLiabilities_CAGR3,BS.totalNonCurrentLiabilities_CAGR3,Candidate mediator,FMP stable /balance-sheet-statement quarterly field: totalNonCurrentLiabilities,Total liabilities classified as non-current.,(anchor value / value 12 quarters earlier)^(1/3) - 1; missing unless both endpoints are positive.,Dimensionless rate,Standardized before modeling; missing standardized entries are set to zero.
BS:totalNonCurrentLiabilities_Avg5,BS.totalNonCurrentLiabilities_Avg5,Candidate mediator,FMP stable /balance-sheet-statement quarterly field: totalNonCurrentLiabilities,Total liabilities classified as non-current.,Mean of the anchor and up to 19 preceding quarterly values.,Reported currency amount,Standardized before modeling; missing standardized entries are set to zero.
BS:totalLiabilities,BS.totalLiabilities,Candidate mediator,FMP stable /balance-sheet-statement quarterly field: totalLiabilities,Total reported liabilities.,Value at the selected anchor quarter.,Reported currency amount,Standardized before modeling; missing standardized entries are set to zero.
BS:totalLiabilities_YoY,BS.totalLiabilities_YoY,Candidate mediator,FMP stable /balance-sheet-statement quarterly field: totalLiabilities,Total reported liabilities.,(anchor value - value four quarters earlier) / absolute value four quarters earlier.,Dimensionless rate,Standardized before modeling; missing standardized entries are set to zero.
BS:totalLiabilities_QoQ,BS.totalLiabilities_QoQ,Candidate mediator,FMP stable /balance-sheet-statement quarterly field: totalLiabilities,Total reported liabilities.,(anchor value - preceding-quarter value) / absolute preceding-quarter value.,Dimensionless rate,Standardized before modeling; missing standardized entries are set to zero.
BS:totalLiabilities_CAGR3,BS.totalLiabilities_CAGR3,Candidate mediator,FMP stable /balance-sheet-statement quarterly field: totalLiabilities,Total reported liabilities.,(anchor value / value 12 quarters earlier)^(1/3) - 1; missing unless both endpoints are positive.,Dimensionless rate,Standardized before modeling; missing standardized entries are set to zero.
BS:totalLiabilities_Avg5,BS.totalLiabilities_Avg5,Candidate mediator,FMP stable /balance-sheet-statement quarterly field: totalLiabilities,Total reported liabilities.,Mean of the anchor and up to 19 preceding quarterly values.,Reported currency amount,Standardized before modeling; missing standardized entries are set to zero.
BS:commonStock,BS.commonStock,Candidate mediator,FMP stable /balance-sheet-statement quarterly field: commonStock,Reported carrying value of common stock.,Value at the selected anchor quarter.,Reported currency amount,Standardized before modeling; missing standardized entries are set to zero.
BS:commonStock_YoY,BS.commonStock_YoY,Candidate mediator,FMP stable /balance-sheet-statement quarterly field: commonStock,Reported carrying value of common stock.,(anchor value - value four quarters earlier) / absolute value four quarters earlier.,Dimensionless rate,Standardized before modeling; missing standardized entries are set to zero.
BS:commonStock_QoQ,BS.commonStock_QoQ,Candidate mediator,FMP stable /balance-sheet-statement quarterly field: commonStock,Reported carrying value of common stock.,(anchor value - preceding-quarter value) / absolute preceding-quarter value.,Dimensionless rate,Standardized before modeling; missing standardized entries are set to zero.
BS:commonStock_CAGR3,BS.commonStock_CAGR3,Candidate mediator,FMP stable /balance-sheet-statement quarterly field: commonStock,Reported carrying value of common stock.,(anchor value / value 12 quarters earlier)^(1/3) - 1; missing unless both endpoints are positive.,Dimensionless rate,Standardized before modeling; missing standardized entries are set to zero.
BS:commonStock_Avg5,BS.commonStock_Avg5,Candidate mediator,FMP stable /balance-sheet-statement quarterly field: commonStock,Reported carrying value of common stock.,Mean of the anchor and up to 19 preceding quarterly values.,Reported currency amount,Standardized before modeling; missing standardized entries are set to zero.
BS:retainedEarnings,BS.retainedEarnings,Candidate mediator,FMP stable /balance-sheet-statement quarterly field: retainedEarnings,"Cumulative earnings retained in the business, net of distributions and adjustments.",Value at the selected anchor quarter.,Reported currency amount,Standardized before modeling; missing standardized entries are set to zero.
BS:retainedEarnings_YoY,BS.retainedEarnings_YoY,Candidate mediator,FMP stable /balance-sheet-statement quarterly field: retainedEarnings,"Cumulative earnings retained in the business, net of distributions and adjustments.",(anchor value - value four quarters earlier) / absolute value four quarters earlier.,Dimensionless rate,Standardized before modeling; missing standardized entries are set to zero.
BS:retainedEarnings_QoQ,BS.retainedEarnings_QoQ,Candidate mediator,FMP stable /balance-sheet-statement quarterly field: retainedEarnings,"Cumulative earnings retained in the business, net of distributions and adjustments.",(anchor value - preceding-quarter value) / absolute preceding-quarter value.,Dimensionless rate,Standardized before modeling; missing standardized entries are set to zero.
BS:retainedEarnings_CAGR3,BS.retainedEarnings_CAGR3,Candidate mediator,FMP stable /balance-sheet-statement quarterly field: retainedEarnings,"Cumulative earnings retained in the business, net of distributions and adjustments.",(anchor value / value 12 quarters earlier)^(1/3) - 1; missing unless both endpoints are positive.,Dimensionless rate,Standardized before modeling; missing standardized entries are set to zero.
BS:retainedEarnings_Avg5,BS.retainedEarnings_Avg5,Candidate mediator,FMP stable /balance-sheet-statement quarterly field: retainedEarnings,"Cumulative earnings retained in the business, net of distributions and adjustments.",Mean of the anchor and up to 19 preceding quarterly values.,Reported currency amount,Standardized before modeling; missing standardized entries are set to zero.
BS:totalStockholdersEquity,BS.totalStockholdersEquity,Candidate mediator,FMP stable /balance-sheet-statement quarterly field: totalStockholdersEquity,Total equity attributable to stockholders as reported.,Value at the selected anchor quarter.,Reported currency amount,Standardized before modeling; missing standardized entries are set to zero.
BS:totalStockholdersEquity_YoY,BS.totalStockholdersEquity_YoY,Candidate mediator,FMP stable /balance-sheet-statement quarterly field: totalStockholdersEquity,Total equity attributable to stockholders as reported.,(anchor value - value four quarters earlier) / absolute value four quarters earlier.,Dimensionless rate,Standardized before modeling; missing standardized entries are set to zero.
BS:totalStockholdersEquity_QoQ,BS.totalStockholdersEquity_QoQ,Candidate mediator,FMP stable /balance-sheet-statement quarterly field: totalStockholdersEquity,Total equity attributable to stockholders as reported.,(anchor value - preceding-quarter value) / absolute preceding-quarter value.,Dimensionless rate,Standardized before modeling; missing standardized entries are set to zero.
BS:totalStockholdersEquity_CAGR3,BS.totalStockholdersEquity_CAGR3,Candidate mediator,FMP stable /balance-sheet-statement quarterly field: totalStockholdersEquity,Total equity attributable to stockholders as reported.,(anchor value / value 12 quarters earlier)^(1/3) - 1; missing unless both endpoints are positive.,Dimensionless rate,Standardized before modeling; missing standardized entries are set to zero.
BS:totalStockholdersEquity_Avg5,BS.totalStockholdersEquity_Avg5,Candidate mediator,FMP stable /balance-sheet-statement quarterly field: totalStockholdersEquity,Total equity attributable to stockholders as reported.,Mean of the anchor and up to 19 preceding quarterly values.,Reported currency amount,Standardized before modeling; missing standardized entries are set to zero.
CF:netCashProvidedByOperatingActivities,CF.netCashProvidedByOperatingActivities,Candidate mediator,FMP stable /cash-flow-statement quarterly field: netCashProvidedByOperatingActivities,Net cash provided by or used in operating activities.,Value at the selected anchor quarter.,Reported currency amount,Standardized before modeling; missing standardized entries are set to zero.
CF:netCashProvidedByOperatingActivities_YoY,CF.netCashProvidedByOperatingActivities_YoY,Candidate mediator,FMP stable /cash-flow-statement quarterly field: netCashProvidedByOperatingActivities,Net cash provided by or used in operating activities.,(anchor value - value four quarters earlier) / absolute value four quarters earlier.,Dimensionless rate,Standardized before modeling; missing standardized entries are set to zero.
CF:netCashProvidedByOperatingActivities_QoQ,CF.netCashProvidedByOperatingActivities_QoQ,Candidate mediator,FMP stable /cash-flow-statement quarterly field: netCashProvidedByOperatingActivities,Net cash provided by or used in operating activities.,(anchor value - preceding-quarter value) / absolute preceding-quarter value.,Dimensionless rate,Standardized before modeling; missing standardized entries are set to zero.
CF:netCashProvidedByOperatingActivities_CAGR3,CF.netCashProvidedByOperatingActivities_CAGR3,Candidate mediator,FMP stable /cash-flow-statement quarterly field: netCashProvidedByOperatingActivities,Net cash provided by or used in operating activities.,(anchor value / value 12 quarters earlier)^(1/3) - 1; missing unless both endpoints are positive.,Dimensionless rate,Standardized before modeling; missing standardized entries are set to zero.
CF:netCashProvidedByOperatingActivities_Avg5,CF.netCashProvidedByOperatingActivities_Avg5,Candidate mediator,FMP stable /cash-flow-statement quarterly field: netCashProvidedByOperatingActivities,Net cash provided by or used in operating activities.,Mean of the anchor and up to 19 preceding quarterly values.,Reported currency amount,Standardized before modeling; missing standardized entries are set to zero.
CF:capitalExpenditure,CF.capitalExpenditure,Candidate mediator,FMP stable /cash-flow-statement quarterly field: capitalExpenditure,Cash outflow for purchases or investment in long-lived productive assets.,Value at the selected anchor quarter.,Reported currency amount,Standardized before modeling; missing standardized entries are set to zero.
CF:capitalExpenditure_YoY,CF.capitalExpenditure_YoY,Candidate mediator,FMP stable /cash-flow-statement quarterly field: capitalExpenditure,Cash outflow for purchases or investment in long-lived productive assets.,(anchor value - value four quarters earlier) / absolute value four quarters earlier.,Dimensionless rate,Standardized before modeling; missing standardized entries are set to zero.
CF:capitalExpenditure_QoQ,CF.capitalExpenditure_QoQ,Candidate mediator,FMP stable /cash-flow-statement quarterly field: capitalExpenditure,Cash outflow for purchases or investment in long-lived productive assets.,(anchor value - preceding-quarter value) / absolute preceding-quarter value.,Dimensionless rate,Standardized before modeling; missing standardized entries are set to zero.
CF:capitalExpenditure_CAGR3,CF.capitalExpenditure_CAGR3,Candidate mediator,FMP stable /cash-flow-statement quarterly field: capitalExpenditure,Cash outflow for purchases or investment in long-lived productive assets.,(anchor value / value 12 quarters earlier)^(1/3) - 1; missing unless both endpoints are positive.,Dimensionless rate,"Standardized before modeling; missing standardized entries are set to zero. All values are missing in the verified data, so this variable is screened out."
CF:capitalExpenditure_Avg5,CF.capitalExpenditure_Avg5,Candidate mediator,FMP stable /cash-flow-statement quarterly field: capitalExpenditure,Cash outflow for purchases or investment in long-lived productive assets.,Mean of the anchor and up to 19 preceding quarterly values.,Reported currency amount,Standardized before modeling; missing standardized entries are set to zero.
CF:stockBasedCompensation,CF.stockBasedCompensation,Candidate mediator,FMP stable /cash-flow-statement quarterly field: stockBasedCompensation,Non-cash compensation expense settled through equity or equity-linked awards.,Value at the selected anchor quarter.,Reported currency amount,Standardized before modeling; missing standardized entries are set to zero.
CF:stockBasedCompensation_YoY,CF.stockBasedCompensation_YoY,Candidate mediator,FMP stable /cash-flow-statement quarterly field: stockBasedCompensation,Non-cash compensation expense settled through equity or equity-linked awards.,(anchor value - value four quarters earlier) / absolute value four quarters earlier.,Dimensionless rate,Standardized before modeling; missing standardized entries are set to zero.
CF:stockBasedCompensation_QoQ,CF.stockBasedCompensation_QoQ,Candidate mediator,FMP stable /cash-flow-statement quarterly field: stockBasedCompensation,Non-cash compensation expense settled through equity or equity-linked awards.,(anchor value - preceding-quarter value) / absolute preceding-quarter value.,Dimensionless rate,Standardized before modeling; missing standardized entries are set to zero.
CF:stockBasedCompensation_CAGR3,CF.stockBasedCompensation_CAGR3,Candidate mediator,FMP stable /cash-flow-statement quarterly field: stockBasedCompensation,Non-cash compensation expense settled through equity or equity-linked awards.,(anchor value / value 12 quarters earlier)^(1/3) - 1; missing unless both endpoints are positive.,Dimensionless rate,Standardized before modeling; missing standardized entries are set to zero.
CF:stockBasedCompensation_Avg5,CF.stockBasedCompensation_Avg5,Candidate mediator,FMP stable /cash-flow-statement quarterly field: stockBasedCompensation,Non-cash compensation expense settled through equity or equity-linked awards.,Mean of the anchor and up to 19 preceding quarterly values.,Reported currency amount,Standardized before modeling; missing standardized entries are set to zero.
CF:freeCashFlow,CF.freeCashFlow,Candidate mediator,FMP stable /cash-flow-statement quarterly field: freeCashFlow,Free cash flow value reported by FMP.,Value at the selected anchor quarter.,Reported currency amount,Standardized before modeling; missing standardized entries are set to zero.
CF:freeCashFlow_YoY,CF.freeCashFlow_YoY,Candidate mediator,FMP stable /cash-flow-statement quarterly field: freeCashFlow,Free cash flow value reported by FMP.,(anchor value - value four quarters earlier) / absolute value four quarters earlier.,Dimensionless rate,Standardized before modeling; missing standardized entries are set to zero.
CF:freeCashFlow_QoQ,CF.freeCashFlow_QoQ,Candidate mediator,FMP stable /cash-flow-statement quarterly field: freeCashFlow,Free cash flow value reported by FMP.,(anchor value - preceding-quarter value) / absolute preceding-quarter value.,Dimensionless rate,Standardized before modeling; missing standardized entries are set to zero.
CF:freeCashFlow_CAGR3,CF.freeCashFlow_CAGR3,Candidate mediator,FMP stable /cash-flow-statement quarterly field: freeCashFlow,Free cash flow value reported by FMP.,(anchor value / value 12 quarters earlier)^(1/3) - 1; missing unless both endpoints are positive.,Dimensionless rate,Standardized before modeling; missing standardized entries are set to zero.
CF:freeCashFlow_Avg5,CF.freeCashFlow_Avg5,Candidate mediator,FMP stable /cash-flow-statement quarterly field: freeCashFlow,Free cash flow value reported by FMP.,Mean of the anchor and up to 19 preceding quarterly values.,Reported currency amount,Standardized before modeling; missing standardized entries are set to zero.
IS_AnchorDate,IS_AnchorDate,Metadata,FMP quarterly financial statement date field,IS statement anchor date.,Latest statement date within 2025-01-01 through 2025-04-30.,YYYY-MM-DD,Not used as a mediator.
BS_AnchorDate,BS_AnchorDate,Metadata,FMP quarterly financial statement date field,BS statement anchor date.,Latest statement date within 2025-01-01 through 2025-04-30.,YYYY-MM-DD,Not used as a mediator.
CF_AnchorDate,CF_AnchorDate,Metadata,FMP quarterly financial statement date field,CF statement anchor date.,Latest statement date within 2025-01-01 through 2025-04-30.,YYYY-MM-DD,Not used as a mediator.
AnchorDate,AnchorDate,Metadata,FMP quarterly financial statement date field,"Overall anchor date, preferring the income-statement date and then balance-sheet and cash-flow dates.",Latest statement date within 2025-01-01 through 2025-04-30.,YYYY-MM-DD,Not used as a mediator.
S1_Decline,S1_Decline,Outcome,FMP stable /historical-price-eod/dividend-adjusted; derived from adjClose,"Cumulative dividend-adjusted log return from the February 19 close through the March 13 close, 2025.",Sum of daily log(adjClose_t / adjClose_t-1) for return dates after the start date and through the end date.,Log return,16 dated returns for every ticker.
S2_Escalation_Collapse,S2_Escalation_Collapse,Outcome,FMP stable /historical-price-eod/dividend-adjusted; derived from adjClose,"Cumulative dividend-adjusted log return from the March 25 close through the April 8 close, 2025.",Sum of daily log(adjClose_t / adjClose_t-1) for return dates after the start date and through the end date.,Log return,10 dated returns for every ticker.
S3_Policy_Shock_Jump,S3_Policy_Shock_Jump,Outcome,FMP stable /historical-price-eod/dividend-adjusted; derived from adjClose,"Cumulative dividend-adjusted log return from the April 8 close through the April 9 close, 2025.",Sum of daily log(adjClose_t / adjClose_t-1) for return dates after the start date and through the end date.,Log return,1 dated return for every ticker.
S4_Uncertainty_Decline,S4_Uncertainty_Decline,Outcome,FMP stable /historical-price-eod/dividend-adjusted; derived from adjClose,"Cumulative dividend-adjusted log return from the April 9 close through the April 21 close, 2025.",Sum of daily log(adjClose_t / adjClose_t-1) for return dates after the start date and through the end date.,Log return,7 dated returns for every ticker.
S5_Long_Term_Adjustment,S5_Long_Term_Adjustment,Outcome,FMP stable /historical-price-eod/dividend-adjusted; derived from adjClose,"Cumulative dividend-adjusted log return from the February 19 close through the December 31 close, 2025.",Sum of daily log(adjClose_t / adjClose_t-1) for return dates after the start date and through the end date.,Log return,"218 dated returns for 500 tickers; shorter available histories for FI, IPG, and K."